,master_id
34,1acf7870-87af-11ea-ace9-000d3a38a36f
56,92a334ee-58f2-11eb-9e65-000d3a38a36f
78,56ddd00a-aff6-11e9-9757-000d3a38a36f
126,71976318-2aa0-11eb-b280-000d3a38a36f
142,d3fea560-aced-11ea-b736-000d3a38a36f
147,90e0b158-2b54-11ea-9d27-000d3a38a36f
166,9613613c-c9d0-11ea-a31e-000d3a38a36f
174,75aea3d4-a8fb-11ea-8479-000d3a38a36f
211,332aca5c-ab94-11e9-a2fc-000d3a38a36f
223,0f63f6c0-a1bc-11e9-a2fc-000d3a38a36f
232,2d01412c-d6e8-11e9-93bc-000d3a38a36f
263,a4659e1c-24d5-11ea-bf27-000d3a38a36f
329,9b1ad686-9f5d-11e9-a2fc-000d3a38a36f
343,899c2e5e-1320-11eb-8ffc-000d3a38a36f
361,72858228-545e-11ea-b1db-000d3a38a36f
377,1c9f6aa8-ada2-11e9-a2fc-000d3a38a36f
400,328d030a-acff-11e9-a2fc-000d3a38a36f
401,6ebf7bc2-a77e-11e9-a2fc-000d3a38a36f
452,f349eb80-f340-11e9-9346-000d3a38a36f
459,d2aeb12c-d661-11e9-93bc-000d3a38a36f
499,8586047e-abb2-11e9-a2fc-000d3a38a36f
521,6713434c-9808-11ea-9d91-000d3a38a36f
535,2caa8e06-2131-11eb-b361-000d3a38a36f
537,f36da15a-183a-11ea-9213-000d3a38a36f
610,090d6e42-9da6-11e9-9897-000d3a38a36f
653,e30c10ec-ab95-11e9-a2fc-000d3a38a36f
663,9c49d80e-aabb-11e9-a2fc-000d3a38a36f
708,29ef573e-1f96-11ea-87bf-000d3a38a36f
787,363daf9a-aa70-11e9-a2fc-000d3a38a36f
808,f63e2f1e-fc22-11e9-a5e8-000d3a38a36f
841,880a4c80-9786-11ea-a9c8-000d3a38a36f
868,8267786e-d6bd-11e9-93bc-000d3a38a36f
937,ded9c78e-6b80-11ea-9c62-000d3a38a36f
952,b64eeb04-abd3-11e9-a2fc-000d3a38a36f
960,6201d566-a949-11e9-a2fc-000d3a38a36f
961,75fb1f46-59e2-11eb-9e65-000d3a38a36f
981,2f29799e-1371-11eb-8ffc-000d3a38a36f
992,f7b8490c-a113-11e9-a2fc-000d3a38a36f
998,fdb42464-76bc-11ea-b23f-000d3a38a36f
1044,daa560bc-aeff-11e9-a2fc-000d3a38a36f
1047,b953bab6-ff27-11ea-9792-000d3a38a36f
1082,b006925a-3fbc-11eb-806e-000d3a38a36f
1101,d8efac7c-6652-11ea-82da-000d3a38a36f
1109,2049c722-a567-11e9-a2fc-000d3a38a36f
1115,a5b3123e-f142-11e9-9346-000d3a38a36f
1120,b8c49720-9b84-11ea-a27a-000d3a38a36f
1144,06548210-bd28-11ea-aa61-000d3a38a36f
1152,7c1f1696-aebe-11e9-a2fc-000d3a38a36f
1175,52c42222-502c-11ea-99ba-000d3a38a36f
1176,052759d6-73f3-11ea-92d0-000d3a38a36f
1220,611a7084-9e56-11e9-9897-000d3a38a36f
1243,fe24c342-5cc4-11eb-8dbd-000d3a38a36f
1245,bc2f61c0-afde-11e9-9757-000d3a38a36f
1266,ebbd8dfa-9e3a-11e9-9897-000d3a38a36f
1282,45b47a70-b1ab-11e9-89fa-000d3a38a36f
1320,c7ba1696-b16b-11e9-89fa-000d3a38a36f
1342,985f83ea-a24d-11e9-a2fc-000d3a38a36f
1344,1797e7dc-84a3-11ea-80af-000d3a38a36f
1346,2998a8c4-afef-11e9-9757-000d3a38a36f
1349,a93c9b08-ac2f-11e9-a2fc-000d3a38a36f
1353,0a4e6440-a9dc-11e9-a2fc-000d3a38a36f
1390,b339d1ba-a190-11e9-a2fc-000d3a38a36f
1393,6ca17860-21d3-11eb-99f8-000d3a38a36f
1414,1f84b88e-1ae0-11eb-8d74-000d3a38a36f
1417,fa58e084-ab74-11e9-a2fc-000d3a38a36f
1420,205a9746-52e1-11ea-9ade-000d3a38a36f
1423,e2156bd0-263b-11eb-8a9b-000d3a38a36f
1481,545d08e8-ac1b-11e9-a2fc-000d3a38a36f
1504,3f03a4ea-28ff-11eb-b7dd-000d3a38a36f
1595,54ab4dd6-2d99-11eb-8062-000d3a299ebf
1691,1f6ae350-a46c-11e9-a2fc-000d3a38a36f
1700,07b05898-db08-11ea-a65b-000d3a38a36f
1742,fa047cf8-fa41-11e9-b138-000d3a38a36f
1770,ba9247f2-f35d-11e9-9346-000d3a38a36f
1772,adfb1750-d8f2-11ea-a65b-000d3a38a36f
1790,9f767036-a7b0-11e9-a2fc-000d3a38a36f
1793,c40ba2ec-9da4-11e9-9897-000d3a38a36f
1795,4c3b7e74-9f28-11e9-9897-000d3a38a36f
1849,38985080-9d6c-11e9-9897-000d3a38a36f
1864,15aafbda-9dcc-11e9-9897-000d3a38a36f
1865,18d2b56e-af83-11e9-a2fc-000d3a38a36f
1923,189eea8a-ac8c-11e9-a2fc-000d3a38a36f
1985,32e3d168-af32-11ea-b736-000d3a38a36f
2016,3aeeefae-a444-11e9-a2fc-000d3a38a36f
2022,497f782c-a151-11e9-a2fc-000d3a38a36f
2039,67fc9f46-5b37-11ea-ad99-000d3a38a36f
2047,8e170550-55db-11eb-9e65-000d3a38a36f
2084,a8ad11de-a9ca-11e9-a2fc-000d3a38a36f
2104,5df4b840-a727-11e9-a2fc-000d3a38a36f
2111,456ac9fa-567f-11eb-9e65-000d3a38a36f
2124,af7bb65c-24c9-11eb-86c1-000d3a38a36f
2126,e4219f20-c024-11ea-9c44-000d3a38a36f
2135,34ebde18-a779-11e9-a2fc-000d3a38a36f
2139,72df9d80-f82e-11e9-b138-000d3a38a36f
2181,c2872bf6-6349-11ea-a6dc-000d3a38a36f
2193,76947f56-2e96-11ea-bfbd-000d3a38a36f
2212,806da518-a1cc-11e9-a2fc-000d3a38a36f
2215,345bdfba-a8e2-11e9-a2fc-000d3a38a36f
2218,0585810a-a351-11e9-a2fc-000d3a38a36f
2219,cc69a896-a45a-11e9-a2fc-000d3a38a36f
2234,4f859bd2-9db1-11e9-9897-000d3a38a36f
2275,e41ad460-a5e0-11e9-a2fc-000d3a38a36f
2297,4321c57c-b1c1-11e9-89fa-000d3a38a36f
2301,a47a85fe-aafd-11e9-a2fc-000d3a38a36f
2361,96e0f530-2cc6-11eb-b280-000d3a38a36f
2385,21c4722a-a0f1-11e9-a2fc-000d3a38a36f
2425,8e4d84f8-47c8-11ea-b6c0-000d3a38a36f
2442,802715e4-214c-11ea-9618-000d3a38a36f
2447,8601417c-b033-11e9-9757-000d3a38a36f
2458,cfe50534-02ef-11eb-9c30-000d3a38a36f
2466,95eb4e60-a8f5-11e9-a2fc-000d3a38a36f
2486,1174bb82-3fce-11eb-806e-000d3a38a36f
2492,eb6284c0-a7fc-11e9-a2fc-000d3a38a36f
2496,13464424-5cbd-11eb-8dbd-000d3a38a36f
2497,eac83cb0-aa06-11e9-a2fc-000d3a38a36f
2510,c448b17c-b51a-11e9-9c4b-000d3a38a36f
2519,b860dbd6-a387-11e9-a2fc-000d3a38a36f
2540,1ac6cf4c-ab35-11e9-a2fc-000d3a38a36f
2554,2988594a-afba-11e9-9757-000d3a38a36f
2605,a6a9ae8a-6e39-11eb-99c4-000d3a38a36f
2608,80ed220e-af0d-11e9-a2fc-000d3a38a36f
2619,fdbe8304-a7ab-11e9-a2fc-000d3a38a36f
2621,99e5fb78-a0d5-11e9-a2fc-000d3a38a36f
2643,b6f64a98-a935-11e9-a2fc-000d3a38a36f
2652,f43156b8-afb2-11e9-9757-000d3a38a36f
2667,aa46e43c-a79c-11e9-a2fc-000d3a38a36f
2691,a2a4702a-1b80-11ea-ac4f-000d3a38a36f
2712,4ae93d56-2c61-11ea-b752-000d3a38a36f
2714,ad1e8fba-a487-11e9-a2fc-000d3a38a36f
2716,a0ba96c4-48e7-11ea-b6c0-000d3a38a36f
2726,340fee28-ab46-11e9-a2fc-000d3a38a36f
2736,55b5fe84-c821-11ea-a167-000d3a38a36f
2773,5f9b4750-d61f-11e9-93bc-000d3a38a36f
2783,9f78b8c2-d72c-11e9-93bc-000d3a38a36f
2798,608fe71c-b01b-11e9-9757-000d3a38a36f
2810,f6991710-46b5-11eb-806e-000d3a38a36f
2811,50be644a-b146-11e9-9757-000d3a38a36f
2822,7a670534-5b93-11ea-80f9-000d3a38a36f
2827,8d83f104-d60a-11e9-93bc-000d3a38a36f
2854,e12ee6a0-bbbb-11ea-a0c9-000d3a38a36f
2877,64354114-b3da-11ea-8745-000d3a38a36f
2890,22c5adc2-e779-11ea-8f44-000d3a38a36f
2893,da2cb4d8-1ed4-11ea-81ff-000d3a38a36f
2894,d0501b12-fb02-11e9-b138-000d3a38a36f
2895,cf9b95f0-abbd-11e9-a2fc-000d3a38a36f
2904,b74d8df8-5b28-11ea-834f-000d3a38a36f
2906,fe98b79e-acac-11e9-a2fc-000d3a38a36f
2910,e97ceab8-a2d1-11e9-a2fc-000d3a38a36f
2914,e2294c0c-d1ba-11ea-b0fc-000d3a38a36f
2926,7865bab0-be3e-11ea-aa61-000d3a38a36f
2946,a4b6cfea-1f83-11eb-b272-000d3a38a36f
2949,a2383c34-ab19-11e9-a2fc-000d3a38a36f
2950,350facba-ac26-11e9-a2fc-000d3a38a36f
2951,671cbaee-a4fa-11eb-aa3b-000d3a299ebf
2952,aee6ddc0-d249-11ea-8aab-000d3a38a36f
2955,83625d54-120b-11ea-916f-000d3a38a36f
2998,3ebc7fc6-2d9f-11eb-8062-000d3a299ebf
3020,12dd5428-a5b7-11e9-a2fc-000d3a38a36f
3028,9e444422-ad32-11e9-a2fc-000d3a38a36f
3055,bf714d6a-c795-11ea-b753-000d3a38a36f
3077,8b0d0c36-d6f4-11e9-93bc-000d3a38a36f
3105,bee5414c-aff1-11e9-9757-000d3a38a36f
3107,a1b5f600-ee05-11e9-9346-000d3a38a36f
3165,68426816-43e8-11ea-8b43-000d3a38a36f
3206,956155ee-514b-11ea-99ba-000d3a38a36f
3225,bf32a70c-6d24-11ea-84a8-000d3a38a36f
3231,40eec926-39b1-11ea-85d6-000d3a38a36f
3245,5a26f192-a85d-11e9-a2fc-000d3a38a36f
3250,c9b10362-b0bf-11e9-9757-000d3a38a36f
3253,607d9f00-b177-11e9-89fa-000d3a38a36f
3271,a5c024aa-0b96-11eb-8ffc-000d3a38a36f
3291,1a70bade-b13a-11e9-9757-000d3a38a36f
3324,a957f50c-7109-11ea-ad37-000d3a38a36f
3342,daae9dfe-1e8e-11ea-aa32-000d3a38a36f
3345,73b4c58c-3dac-11ea-9e19-000d3a38a36f
3349,3f0dfccc-24f1-11eb-86c1-000d3a38a36f
3351,af54f4ca-ad99-11e9-a2fc-000d3a38a36f
3375,7ba60388-1eb1-11ea-aa32-000d3a38a36f
3378,ae2150e4-abeb-11e9-a2fc-000d3a38a36f
3391,df92ce38-2b9c-11ea-853d-000d3a38a36f
3398,5054a94e-1db9-11ea-8bf2-000d3a38a36f
3403,e5c371a0-531e-11ea-acd3-000d3a38a36f
3441,83d607a6-e0fe-11e9-957d-000d3a38a36f
3464,0ece152a-af9e-11e9-a2fc-000d3a38a36f
3505,17dd89f0-713d-11ea-adca-000d3a38a36f
3516,45cb15d0-15e4-11ea-aa74-000d3a38a36f
3565,8f8a7c6e-b3ce-11ea-8745-000d3a38a36f
3567,a8be615a-b154-11e9-9757-000d3a38a36f
3580,b19b2036-ad96-11e9-a2fc-000d3a38a36f
3583,43ba7d24-26bc-11ea-aaaa-000d3a38a36f
3600,e3c8a7e8-a447-11e9-a2fc-000d3a38a36f
3603,b7ca2fdc-53af-11ea-abe0-000d3a38a36f
3614,0b7a3172-e22b-11ea-8839-000d3a38a36f
3620,d96bfadc-b218-11e9-b5cf-000d3a38a36f
3622,633b2996-980e-11ea-9d91-000d3a38a36f
3741,f697db80-1f50-11ea-87bf-000d3a38a36f
3742,5726f4c0-b3dc-11ea-a71c-000d3a38a36f
3747,263ac93e-d65d-11e9-93bc-000d3a38a36f
3750,ff6aebe6-e5ab-11e9-ad00-000d3a38a36f
3754,a612dc56-e1ec-11e9-957d-000d3a38a36f
3819,7e4a1952-a6e9-11e9-a2fc-000d3a38a36f
3825,3c68119e-5439-11ea-b1db-000d3a38a36f
3857,542af5f0-4c5c-11eb-806e-000d3a38a36f
3874,3b5d82f2-aa3d-11ea-b736-000d3a38a36f
3883,eacb8de4-5b53-11ea-8a66-000d3a38a36f
3944,b3a0034c-aa20-11ea-b736-000d3a38a36f
3945,658cc8e6-aef1-11e9-a2fc-000d3a38a36f
3948,9c80d2a2-a122-11e9-a2fc-000d3a38a36f
3955,651e4d46-22a7-11eb-99f8-000d3a38a36f
3969,bef9167e-416c-11ea-96d9-000d3a38a36f
3974,3f118c82-a146-11e9-a2fc-000d3a38a36f
3987,aa3d2a8c-a54e-11e9-a2fc-000d3a38a36f
4003,e51104a0-aa9c-11e9-a2fc-000d3a38a36f
4012,ebcdbc94-27a5-11ea-aaaa-000d3a38a36f
4018,f6efa218-867d-11ea-be76-000d3a38a36f
4024,1282652e-faec-11e9-b138-000d3a38a36f
4065,c9f79a46-3a0e-11eb-a48e-000d3a38a36f
4077,88cff9e4-a763-11e9-a2fc-000d3a38a36f
4080,af6919c0-a518-11e9-a2fc-000d3a38a36f
4084,a17545ea-bc60-11ea-aa61-000d3a38a36f
4085,21a46b10-26f2-11ea-aaaa-000d3a38a36f
4091,a873004e-2b42-11ea-9d27-000d3a38a36f
4111,38c2c96e-adc9-11ea-b736-000d3a38a36f
4119,f91f4b9e-dd5b-11ea-9c1f-000d3a38a36f
4145,813547ac-296c-11eb-b280-000d3a38a36f
4156,797d6294-876c-11ea-ace9-000d3a38a36f
4166,e12381d8-a69b-11e9-a2fc-000d3a38a36f
4211,08ce95e8-aac9-11e9-a2fc-000d3a38a36f
4229,b5c51882-9e7e-11e9-9897-000d3a38a36f
4276,c3740548-aa80-11e9-a2fc-000d3a38a36f
4335,bdfe42c4-ad35-11e9-a2fc-000d3a38a36f
4336,9c353550-d573-11ea-8606-000d3a38a36f
4341,ae00c680-a94d-11e9-a2fc-000d3a38a36f
4349,13485f12-abc3-11ea-b736-000d3a38a36f
4375,2b60a666-a6ad-11e9-a2fc-000d3a38a36f
4382,44a7e2f0-9b1d-11ea-a27a-000d3a38a36f
4403,1f88ace0-a779-11e9-a2fc-000d3a38a36f
4406,e3827e76-bc5b-11ea-aa61-000d3a38a36f
4416,a4c17f5e-12fe-11ea-a001-000d3a38a36f
4418,71423cb4-a51b-11e9-a2fc-000d3a38a36f
4426,32fa78da-a580-11e9-a2fc-000d3a38a36f
4435,7761d014-e539-11ea-b769-000d3a38a36f
4467,d92c7228-8772-11eb-9606-000d3a38a36f
4474,ca00a580-8d22-11ea-8f41-000d3a38a36f
4482,17739e6e-f289-11ea-9011-000d3a38a36f
4498,ea7ca7aa-a722-11e9-a2fc-000d3a38a36f
4518,2939f2ca-ddb7-11e9-9cd3-000d3a38a36f
4534,3492a686-5bb4-11eb-8dbd-000d3a38a36f
4546,50a81a06-0185-11eb-9c30-000d3a38a36f
4552,b3edfb0a-2227-11ea-8523-000d3a38a36f
4561,70f23330-a260-11e9-a2fc-000d3a38a36f
4565,b9eb3016-ff29-11e9-a5e8-000d3a38a36f
4569,dfc476a0-9757-11ea-a9c8-000d3a38a36f
4576,1276be8e-5bf1-11ea-a7ce-000d3a38a36f
4587,0a9011fe-2f71-11ea-bb80-000d3a38a36f
4604,11419eb0-2c5f-11ea-b752-000d3a38a36f
4632,80217efa-a3ba-11e9-a2fc-000d3a38a36f
4657,11fb8f1e-9e25-11e9-9897-000d3a38a36f
4688,abdb15de-5b1e-11eb-8dbd-000d3a38a36f
4691,e2e844cc-7099-11ea-8021-000d3a38a36f
4732,1c7c1e70-5a55-11eb-9e65-000d3a38a36f
4746,b65f7554-9db0-11e9-9897-000d3a38a36f
4755,c69a6690-bc59-11ea-aa61-000d3a38a36f
4790,f1fc41f6-6a09-11eb-b5d7-000d3a38a36f
4827,2910d944-d63c-11e9-93bc-000d3a38a36f
4835,b2aedbfa-1080-11ea-8ce6-000d3a38a36f
4846,c644de38-a106-11e9-a2fc-000d3a38a36f
4848,f0aa9db2-e8ad-11ea-8145-000d3a38a36f
4858,2e22d7a8-a3d7-11e9-a2fc-000d3a38a36f
4862,c6d098e2-af9d-11e9-a2fc-000d3a38a36f
4867,e35bbd56-240b-11ea-a30f-000d3a38a36f
4875,381563be-9e5c-11e9-9897-000d3a38a36f
4911,bb9dbb7e-707e-11ea-8369-000d3a38a36f
4916,3031b986-c034-11ea-9c44-000d3a38a36f
4920,394cdd9e-28a7-11eb-8a9b-000d3a38a36f
4927,27ea3442-5b30-11ea-9450-000d3a38a36f
4933,b4d4f454-28aa-11ea-b87a-000d3a38a36f
4939,42813208-564c-11ea-b9b9-000d3a38a36f
4946,dd745a2e-5bb5-11ea-8b70-000d3a38a36f
4949,4eb068cc-1a11-11ea-941b-000d3a38a36f
4965,9613a882-a513-11e9-a2fc-000d3a38a36f
4999,8007dd34-ddb6-11e9-9cd3-000d3a38a36f
5021,2413f32a-3bc8-11eb-a48e-000d3a38a36f
5026,7ee9668e-9d10-11e9-9897-000d3a38a36f
5057,64ee0da0-ad75-11e9-a2fc-000d3a38a36f
5063,ad86fe1a-aeaa-11e9-a2fc-000d3a38a36f
5099,68faf9fc-9d54-11e9-9897-000d3a38a36f
5107,b1882316-a867-11e9-a2fc-000d3a38a36f
5111,9e64c3ee-2c1e-11ea-91ab-000d3a38a36f
5130,7c6761b2-aa40-11e9-a2fc-000d3a38a36f
5147,a8fcb4c2-28e1-11eb-b7dd-000d3a38a36f
5148,c458a47c-b021-11e9-9757-000d3a38a36f
5149,203e7c40-58c2-11eb-9e65-000d3a38a36f
5156,f98175f8-a85a-11e9-a2fc-000d3a38a36f
5164,77a0a176-4359-11eb-806e-000d3a38a36f
5168,24679300-2ab5-11eb-b280-000d3a38a36f
5178,8b30ff7e-b1ec-11e9-89fa-000d3a38a36f
5186,e71046e0-a5a0-11e9-a2fc-000d3a38a36f
5200,b51579e6-a86e-11e9-a2fc-000d3a38a36f
5207,b51221d8-ab5c-11e9-a2fc-000d3a38a36f
5214,ee1d47ac-51d6-11ea-a243-000d3a38a36f
5218,d47ab492-7fc6-11ea-80af-000d3a38a36f
5260,67bfff2c-a198-11e9-a2fc-000d3a38a36f
5275,81565fbc-a792-11e9-a2fc-000d3a38a36f
5287,3c3decf4-2d08-11eb-8b78-000d3a38a36f
5336,4510fad2-b05a-11e9-9757-000d3a38a36f
5350,74e176ca-ffbe-11e9-a5e8-000d3a38a36f
5357,a306e3f6-5bde-11ea-8d07-000d3a38a36f
5377,a07ccdb6-9ee8-11e9-9897-000d3a38a36f
5381,8cf14426-8546-11ea-80af-000d3a38a36f
5391,e1854f14-713c-11ea-adca-000d3a38a36f
5411,54603ade-d634-11e9-93bc-000d3a38a36f
5428,4ed03a44-a513-11e9-a2fc-000d3a38a36f
5452,5a0b9e4e-984c-11ea-9d91-000d3a38a36f
5478,126a9328-aeff-11ea-b736-000d3a38a36f
5495,fd969980-a9d5-11e9-a2fc-000d3a38a36f
5584,b81282fe-b121-11e9-9757-000d3a38a36f
5594,aff4b22e-a7be-11ea-bd63-000d3a38a36f
5622,580e741c-28ef-11ea-b87a-000d3a38a36f
5627,eb319c72-a408-11e9-a2fc-000d3a38a36f
5653,aab34774-5338-11ea-acd3-000d3a38a36f
5673,c56c9470-b1e0-11e9-89fa-000d3a38a36f
5681,c469f9d2-a7db-11e9-a2fc-000d3a38a36f
5700,63d6e2d6-a346-11e9-a2fc-000d3a38a36f
5779,b1b8ff6a-24ed-11ea-bf27-000d3a38a36f
5791,57177730-5e8a-11eb-8dbd-000d3a38a36f
5792,7df26b6a-a957-11e9-a2fc-000d3a38a36f
5819,9296abbc-712f-11ea-adca-000d3a38a36f
5821,b952b604-a71a-11e9-a2fc-000d3a38a36f
5866,80bc1e88-1228-11ea-a001-000d3a38a36f
5868,ebb8a328-1fe8-11ea-87bf-000d3a38a36f
5876,8e8ea862-1860-11ea-9213-000d3a38a36f
5916,68d101ce-9740-11ea-a9c8-000d3a38a36f
5924,4ca9c082-a9a0-11e9-a2fc-000d3a38a36f
5940,a3fe6e62-3d9e-11eb-a48e-000d3a38a36f
5961,cc88711a-3896-11ea-85d6-000d3a38a36f
6006,df2c7c02-1957-11ea-b6a2-000d3a38a36f
6044,7358b7b0-1b7d-11eb-8d74-000d3a38a36f
6126,d97929dc-afe8-11e9-9757-000d3a38a36f
6130,39fdbc40-b14d-11e9-9757-000d3a38a36f
6132,4f871f12-a51c-11e9-a2fc-000d3a38a36f
6140,f4c3b18a-a8d6-11e9-a2fc-000d3a38a36f
6144,08934cc6-a6e2-11e9-a2fc-000d3a38a36f
6191,72c5c64e-4e7d-11ea-99ba-000d3a38a36f
6225,8d45b7fa-b0a7-11e9-9757-000d3a38a36f
6232,0961104a-aa55-11e9-a2fc-000d3a38a36f
6250,4203a8ea-a258-11e9-a2fc-000d3a38a36f
6259,292c3fd0-24ee-11ea-bf27-000d3a38a36f
6266,2787b6ea-b0be-11e9-9757-000d3a38a36f
6281,2208e6c0-2a45-11ea-99b3-000d3a38a36f
6304,33a54b76-9e04-11e9-9897-000d3a38a36f
6309,2f23ca88-51ef-11ea-a243-000d3a38a36f
6338,85cb3e36-a8dd-11e9-a2fc-000d3a38a36f
6356,d851bed0-abf5-11e9-a2fc-000d3a38a36f
6362,6754e360-ad9e-11e9-a2fc-000d3a38a36f
6382,d7aa5300-1ea6-11eb-a39e-000d3a38a36f
6387,255228f2-a5dc-11e9-a2fc-000d3a38a36f
6388,f6386762-19f6-11eb-8d74-000d3a38a36f
6402,851de3b4-8f0c-11eb-8cb8-000d3a38a36f
6405,d2795fde-6a0f-11eb-b5d7-000d3a38a36f
6423,a9ae7084-f4af-11e9-9346-000d3a38a36f
6433,6f497880-1f6b-11ea-87bf-000d3a38a36f
6443,ff42a872-5be2-11ea-af8a-000d3a38a36f
6488,20404e4c-9f61-11e9-a2fc-000d3a38a36f
6490,2cf42632-62ec-11ea-a6dc-000d3a38a36f
6528,f2fcb710-9e32-11e9-9897-000d3a38a36f
6535,176fe254-bbf9-11ea-9a91-000d3a38a36f
6542,26a03a58-afc0-11e9-9757-000d3a38a36f
6579,d7d0581e-a596-11e9-a2fc-000d3a38a36f
6582,8c10dada-99cd-11ea-a274-000d3a38a36f
6586,0515c070-9e6c-11e9-9897-000d3a38a36f
6608,eb77f582-ddc9-11e9-a848-000d3a38a36f
6619,87498558-9d9b-11e9-9897-000d3a38a36f
6630,77f8c672-a6d8-11e9-a2fc-000d3a38a36f
6642,70c065b8-b1eb-11e9-89fa-000d3a38a36f
6661,9b01de90-5215-11ea-88d3-000d3a38a36f
6667,98170d7a-a0e2-11e9-a2fc-000d3a38a36f
6699,22ed0094-ad8f-11ea-b736-000d3a38a36f
6708,eecf8394-9e45-11e9-9897-000d3a38a36f
6719,a2ccce38-a32d-11e9-a2fc-000d3a38a36f
6751,c713e3ca-b3a9-11ea-8745-000d3a38a36f
6761,ef80c734-1c13-11ea-ac4f-000d3a38a36f
6770,f2b1cd80-a973-11e9-a2fc-000d3a38a36f
6774,d9fd3f4e-20b6-11ea-97c9-000d3a38a36f
6777,f6d2579a-9e1a-11e9-9897-000d3a38a36f
6807,bff3ce7a-a5a9-11e9-a2fc-000d3a38a36f
6823,6a50e9aa-b141-11e9-9757-000d3a38a36f
6864,59767978-5bab-11ea-89e8-000d3a38a36f
6887,1d1785d2-a22c-11e9-a2fc-000d3a38a36f
6892,b5f047a4-1aa3-11ea-98d5-000d3a38a36f
6913,76e91fde-5bcd-11ea-98bb-000d3a38a36f
6915,657e1c2a-b0a3-11e9-9757-000d3a38a36f
6957,deb64f62-b05e-11e9-9757-000d3a38a36f
6966,3e06e4c6-55aa-11eb-9e65-000d3a38a36f
6998,b9099954-9e8e-11e9-9897-000d3a38a36f
7021,a70d5f3a-ac92-11e9-a2fc-000d3a38a36f
7028,a3ba6b6c-a188-11e9-a2fc-000d3a38a36f
7043,4bbac326-3094-11ea-a6ce-000d3a38a36f
7054,5cb036ca-a4f8-11e9-a2fc-000d3a38a36f
7055,9939a9e6-1f7d-11ea-87bf-000d3a38a36f
7086,676783ee-f7ea-11e9-841e-000d3a38a36f
7127,794d341e-2215-11ea-ba6f-000d3a38a36f
7135,ba2e54a2-4418-11ea-8b43-000d3a38a36f
7151,50001284-2189-11ea-9618-000d3a38a36f
7155,234e17c8-541d-11eb-9e65-000d3a38a36f
7158,7be69a80-ac2c-11e9-a2fc-000d3a38a36f
7160,0f37c9fc-26c6-11eb-8a9b-000d3a38a36f
7215,b1d4a0ae-b133-11e9-9757-000d3a38a36f
7249,28e70c9a-afdf-11ea-b736-000d3a38a36f
7250,d41d102a-a46c-11e9-a2fc-000d3a38a36f
7320,afb0091e-d67f-11e9-93bc-000d3a38a36f
7337,659f6860-a524-11e9-a2fc-000d3a38a36f
7414,ea61eed4-ac9e-11e9-a2fc-000d3a38a36f
7415,cb0ca1da-2266-11ea-8523-000d3a38a36f
7428,c7610ef8-734d-11ea-92d0-000d3a38a36f
7459,9a39b0be-aec3-11e9-a2fc-000d3a38a36f
7476,3cae55ec-9dcc-11e9-9897-000d3a38a36f
7484,8c324e38-9ef9-11e9-9897-000d3a38a36f
7509,a591bc46-5b47-11ea-9f0c-000d3a38a36f
7526,922d71f4-a7d3-11e9-a2fc-000d3a38a36f
7533,19ffb4f6-b0b2-11ea-b736-000d3a38a36f
7549,2ff88bba-aa6a-11e9-a2fc-000d3a38a36f
7571,e81ea236-647e-11eb-add3-000d3a38a36f
7574,bd3b0a48-df20-11ea-9c1f-000d3a38a36f
7577,41abf3ce-5b54-11ea-85a8-000d3a38a36f
7591,0e6693d6-a99b-11e9-a2fc-000d3a38a36f
7602,b42e200e-d664-11e9-93bc-000d3a38a36f
7605,e41ccc84-a117-11e9-a2fc-000d3a38a36f
7654,f1af14a4-3bb4-11eb-a48e-000d3a38a36f
7675,d0602ae0-74f9-11ea-bb48-000d3a38a36f
7696,2ebf0a62-9f3e-11e9-9897-000d3a38a36f
7708,3da84cd6-b178-11e9-89fa-000d3a38a36f
7723,472fe346-5b36-11ea-a35f-000d3a38a36f
7751,3ea07308-a744-11ea-bd63-000d3a38a36f
7754,4c6f5e56-5436-11ea-b1db-000d3a38a36f
7756,ce4e67c8-a103-11e9-a2fc-000d3a38a36f
7774,5818dddc-a918-11e9-a2fc-000d3a38a36f
7796,af4caa7e-5be8-11ea-ad60-000d3a38a36f
7860,16b17a7c-b0c3-11e9-9757-000d3a38a36f
7897,73e5dd7a-a699-11e9-a2fc-000d3a38a36f
7903,efad3cc6-ae98-11e9-a2fc-000d3a38a36f
7923,44bce73c-a540-11e9-a2fc-000d3a38a36f
7932,4896788c-a6d5-11e9-a2fc-000d3a38a36f
7937,88f0600a-2849-11ea-b87a-000d3a38a36f
7944,6792a6ae-a71e-11e9-a2fc-000d3a38a36f
7955,6cbd2286-f438-11ea-b013-000d3a38a36f
7961,2e27c8b6-acbb-11e9-a2fc-000d3a38a36f
7970,e1fd2ef8-63ef-11ea-a6dc-000d3a38a36f
7990,3f3add64-ad74-11e9-a2fc-000d3a38a36f
7999,ad8d7e12-a94f-11e9-a2fc-000d3a38a36f
8019,e6d0ab3c-b137-11e9-9757-000d3a38a36f
8020,c1001398-aef8-11e9-a2fc-000d3a38a36f
8047,8760dbfc-4563-11ea-acaf-000d3a38a36f
8074,6c1d0538-d636-11e9-93bc-000d3a38a36f
8080,8176b7b2-9fae-11e9-a2fc-000d3a38a36f
8092,6f9320ee-f27e-11e9-9346-000d3a38a36f
8162,1583f892-a78a-11e9-a2fc-000d3a38a36f
8172,687691ee-5451-11ea-b1db-000d3a38a36f
8182,39941816-53bf-11ea-abe0-000d3a38a36f
8194,20ef5922-acf5-11e9-a2fc-000d3a38a36f
8197,0d9a4224-ab65-11e9-a2fc-000d3a38a36f
8198,a207fe8a-5cba-11eb-8dbd-000d3a38a36f
8211,918a082e-a5b3-11e9-a2fc-000d3a38a36f
8258,6bb7a2e4-a81c-11e9-a2fc-000d3a38a36f
8290,9cc212a2-afb5-11e9-9757-000d3a38a36f
8357,c5a8fb8c-f753-11e9-841e-000d3a38a36f
8371,2e2c6264-a887-11e9-a2fc-000d3a38a36f
8421,034a8960-c855-11ea-8ddc-000d3a38a36f
8447,09f7a470-5bed-11ea-bdcb-000d3a38a36f
8452,e51399c0-1ff1-11ea-87bf-000d3a38a36f
8478,fb212c9a-b0ce-11eb-bbf8-000d3a38a36f
8495,dcaa0b80-8fb2-11ea-8f41-000d3a38a36f
8508,287be544-a763-11e9-a2fc-000d3a38a36f
8510,56200cdc-a9ed-11e9-a2fc-000d3a38a36f
8521,7dc17caa-6f52-11ea-b40c-000d3a38a36f
8538,55956072-ae44-11e9-a2fc-000d3a38a36f
8551,3aabb51c-28e2-11eb-b7dd-000d3a38a36f
8563,2a033c6a-bdf0-11ea-aa61-000d3a38a36f
8580,0d5265a8-24cd-11ea-bf27-000d3a38a36f
8604,ba3c7962-2bcf-11ea-91ab-000d3a38a36f
8613,4044b462-9cff-11e9-9897-000d3a38a36f
8643,52da40aa-41e2-11ea-96d9-000d3a38a36f
8654,b181e9ec-ac81-11e9-a2fc-000d3a38a36f
8661,6bb61316-5bd6-11ea-8cde-000d3a38a36f
8664,93dcc1ba-9dee-11e9-9897-000d3a38a36f
8666,ce4dd998-af9a-11e9-a2fc-000d3a38a36f
8714,763f975c-a58e-11e9-a2fc-000d3a38a36f
8718,216f3308-5bdd-11ea-b0e0-000d3a38a36f
8783,a57f4302-b1a8-11e9-89fa-000d3a38a36f
8797,be1d02ae-134c-11ea-a001-000d3a38a36f
8861,20a59f0a-ead2-11ea-9047-000d3a38a36f
8863,9c9c165e-45e3-11eb-806e-000d3a38a36f
8865,f9a2ec9c-a5a8-11e9-a2fc-000d3a38a36f
8893,d5323fde-15e2-11ea-aa74-000d3a38a36f
8971,760a4cd4-afd7-11e9-9757-000d3a38a36f
8980,0c6996e6-a518-11e9-a2fc-000d3a38a36f
8985,f99e537e-d68d-11e9-93bc-000d3a38a36f
9011,70a45bec-a6b1-11e9-a2fc-000d3a38a36f
9017,fc3616a4-7042-11ea-b40c-000d3a38a36f
9027,29378cfe-5b45-11ea-a185-000d3a38a36f
9058,ce45e08e-a92e-11e9-a2fc-000d3a38a36f
9067,09cb00a8-ad44-11e9-a2fc-000d3a38a36f
9097,b2b4003e-7382-11ea-92d0-000d3a38a36f
9135,eb0534a0-5bb6-11ea-a68b-000d3a38a36f
9138,f81789aa-ad05-11e9-a2fc-000d3a38a36f
9162,201b9d86-5ff0-11ea-8dd8-000d3a38a36f
9193,daf03e02-a964-11e9-a2fc-000d3a38a36f
9198,a1179ac6-2a2f-11ea-99b3-000d3a38a36f
9218,4d819e16-5b49-11ea-9737-000d3a38a36f
9224,a9c2cce0-1a99-11ea-98d5-000d3a38a36f
9324,777c4900-1a3a-11ea-941b-000d3a38a36f
9325,1684eda8-d63a-11e9-93bc-000d3a38a36f
9331,b4646b3c-50cf-11eb-806e-000d3a38a36f
9350,c659fd8e-3266-11eb-ad60-000d3a38a36f
9377,f1cf24ae-a508-11e9-a2fc-000d3a38a36f
9397,879a75e8-2942-11ea-b87a-000d3a38a36f
9413,baf4b64c-ce6f-11ea-a8f0-000d3a38a36f
9415,953f9a54-6ac6-11eb-b5d7-000d3a38a36f
9453,1637d1d6-de1d-11e9-957d-000d3a38a36f
9465,e1c15bca-3555-11eb-9a15-000d3a38a36f
9482,6af529f0-5b39-11ea-991c-000d3a38a36f
9529,1152fa5c-a915-11e9-a2fc-000d3a38a36f
9568,f4f3b47a-a43a-11e9-a2fc-000d3a38a36f
9588,9096f738-9d75-11e9-9897-000d3a38a36f
9601,5e744c7a-b363-11e9-a043-000d3a38a36f
9618,f7397aea-2076-11ea-87bf-000d3a38a36f
9628,e8d8e7a0-b137-11e9-9757-000d3a38a36f
9641,d0ba3bba-1379-11eb-8ffc-000d3a38a36f
9662,a3495872-1b9a-11eb-8d74-000d3a38a36f
9666,acd4a564-6352-11ea-a6dc-000d3a38a36f
9675,e91f61d8-7f56-11ea-80af-000d3a38a36f
9729,c1f802b2-22ae-11eb-99f8-000d3a38a36f
9752,2a4ba544-2698-11ea-b9a0-000d3a38a36f
9785,42bbabfe-a5cf-11ea-bd63-000d3a38a36f
9788,2f9641bc-1b4e-11ea-9812-000d3a38a36f
9808,56c7d6b6-2084-11ea-87bf-000d3a38a36f
9829,385edc24-b009-11e9-9757-000d3a38a36f
9843,5bc3c016-a0c9-11e9-a2fc-000d3a38a36f
9850,a68c3278-adcf-11e9-a2fc-000d3a38a36f
9867,74573c18-d6f0-11e9-93bc-000d3a38a36f
9869,f1f4a69c-5b3e-11ea-a13e-000d3a38a36f
9896,58bdce3c-a7d7-11ea-bd63-000d3a38a36f
9915,4b5efa90-a5b2-11e9-a2fc-000d3a38a36f
9971,b9971918-4415-11eb-806e-000d3a38a36f
9979,f4d717bc-bc84-11ea-aa61-000d3a38a36f
10011,0e44b5fc-aa24-11e9-a2fc-000d3a38a36f
10035,9e10102e-a5c8-11e9-a2fc-000d3a38a36f
10049,c8a390d0-5b31-11ea-ab55-000d3a38a36f
10064,8c4f2812-1edf-11ea-81ff-000d3a38a36f
10077,4a796c0c-54d2-11eb-9e65-000d3a38a36f
10079,71ecbc32-49a5-11ea-8a4f-000d3a38a36f
10096,57005c42-9dc2-11e9-9897-000d3a38a36f
10137,66edb316-2774-11ea-aaaa-000d3a38a36f
10146,bbff8a3e-b700-11ea-9e09-000d3a38a36f
10173,86bc0a1a-afb2-11e9-9757-000d3a38a36f
10197,a52ab84e-6d07-11ea-84a8-000d3a38a36f
10260,89bf03ec-2b00-11ea-9d27-000d3a38a36f
10266,cfe3f28c-5bda-11ea-83d9-000d3a38a36f
10316,2b122c76-a41d-11e9-a2fc-000d3a38a36f
10353,7b147c06-2a82-11ea-b3a7-000d3a38a36f
10354,c4a6cb86-a7e6-11e9-a2fc-000d3a38a36f
10357,3ca62200-a3ad-11e9-a2fc-000d3a38a36f
10368,4cdd8388-9fb2-11e9-a2fc-000d3a38a36f
10369,95a0fd42-fee5-11e9-a5e8-000d3a38a36f
10372,ddafff74-edfc-11e9-9346-000d3a38a36f
10375,d0ce7c0e-ac7f-11e9-a2fc-000d3a38a36f
10386,48598e72-9f86-11ea-80cd-000d3a38a36f
10402,b6809734-a1cf-11e9-a2fc-000d3a38a36f
10432,47d7f524-9eab-11e9-9897-000d3a38a36f
10435,7cc29df0-a187-11e9-a2fc-000d3a38a36f
10463,ca86fbaa-b120-11e9-9757-000d3a38a36f
10471,d96b6eb6-e55a-11ea-b769-000d3a38a36f
10492,0ebe5f68-b089-11e9-9757-000d3a38a36f
10496,6edc4c6a-29c0-11ea-87cc-000d3a38a36f
10517,77570484-97ca-11ea-9d91-000d3a38a36f
10526,c7cbd0ae-abd3-11e9-a2fc-000d3a38a36f
10541,393d3d26-aabd-11e9-a2fc-000d3a38a36f
10559,830c763a-7806-11ea-9b70-000d3a38a36f
10592,572d4f4e-63b6-11ea-a6dc-000d3a38a36f
10607,4fa69378-9d57-11e9-9897-000d3a38a36f
10644,48b3e19e-9750-11ea-a9c8-000d3a38a36f
10661,d34ac020-f80d-11ea-b38b-000d3a38a36f
10672,950acdea-5c27-11eb-8dbd-000d3a38a36f
10673,a91e073e-2537-11ea-bf27-000d3a38a36f
10674,0f115e3c-a144-11ea-afff-000d3a38a36f
10684,d7421110-ab0b-11e9-a2fc-000d3a38a36f
10692,81a851ee-4397-11eb-806e-000d3a38a36f
10703,833d9ae4-a769-11e9-a2fc-000d3a38a36f
10707,e4dfcea8-b05f-11e9-9757-000d3a38a36f
10727,379d0e1e-a6ae-11e9-a2fc-000d3a38a36f
10743,f713605c-a700-11e9-a2fc-000d3a38a36f
10753,02c605a4-993f-11ea-b97a-000d3a38a36f
10766,67b1719e-6314-11ea-a6dc-000d3a38a36f
10777,f82a9ab2-1881-11ea-9213-000d3a38a36f
10799,6e020780-7ae1-11eb-8460-000d3a38a36f
10818,b349f63a-734a-11ea-92d0-000d3a38a36f
10835,a4ff063c-b154-11e9-9757-000d3a38a36f
10887,1e2b18e8-9dc3-11e9-9897-000d3a38a36f
10920,e094abac-8a07-11ea-8ec0-000d3a38a36f
10935,2a05f002-2017-11eb-b272-000d3a38a36f
10959,b92e3ee6-d609-11e9-93bc-000d3a38a36f
10987,087daaba-7189-11eb-a3e2-000d3a38a36f
10992,11e2bdae-533d-11ea-acd3-000d3a38a36f
10999,94e625d4-4365-11ea-8b43-000d3a38a36f
11002,78d4aa64-5341-11ea-acd3-000d3a38a36f
11034,02ddf53a-d683-11e9-93bc-000d3a38a36f
11038,952ce3aa-23e1-11ea-8523-000d3a38a36f
11042,e7c516fc-a225-11e9-a2fc-000d3a38a36f
11078,bfedd2f0-a58a-11e9-a2fc-000d3a38a36f
11082,0179158a-aac8-11e9-a2fc-000d3a38a36f
11098,6955ef54-f8eb-11e9-b138-000d3a38a36f
11105,861f6d5c-7264-11ea-adca-000d3a38a36f
11111,122df0a8-4b53-11eb-806e-000d3a38a36f
11115,dd873850-a6d5-11e9-a2fc-000d3a38a36f
11186,2ac42ea4-9760-11ea-a9c8-000d3a38a36f
11190,167e930a-da17-11e9-93bc-000d3a38a36f
11209,275b64b2-a517-11e9-a2fc-000d3a38a36f
11231,35286cf4-9e5d-11e9-9897-000d3a38a36f
11234,a28f883c-32f3-11eb-8e87-000d3a38a36f
11242,4f62505a-7235-11eb-aa44-000d3a38a36f
11256,c3c443a0-b020-11e9-9757-000d3a38a36f
11269,8f4827ce-f1c2-11ea-bde9-000d3a38a36f
11300,217ec300-adb3-11e9-a2fc-000d3a38a36f
11345,5ac5c4fa-542b-11ea-b1db-000d3a38a36f
11358,0317fea8-a5a8-11e9-a2fc-000d3a38a36f
11370,3b08f95c-2d5c-11ea-827e-000d3a38a36f
11381,a00fc6dc-c9d3-11ea-a31e-000d3a38a36f
11407,da3c046c-9ee9-11e9-9897-000d3a38a36f
11416,60544cc8-a820-11e9-a2fc-000d3a38a36f
11428,d45a17c0-b017-11e9-9757-000d3a38a36f
11467,f0b47770-a7d0-11e9-a2fc-000d3a38a36f
11479,4882f4be-8763-11ea-ace9-000d3a38a36f
11496,18ea868e-c4fa-11ea-98f7-000d3a38a36f
11519,eaceaafa-6f85-11eb-bdb8-000d3a38a36f
11527,2c636ed4-a0f6-11e9-a2fc-000d3a38a36f
11541,d92d77e2-9d0c-11e9-9897-000d3a38a36f
11549,0a070d92-a8a7-11e9-a2fc-000d3a38a36f
11567,109e9e58-fd58-11e9-a5e8-000d3a38a36f
11594,d065cee0-5286-11ea-8850-000d3a38a36f
11603,6edf9dc0-aba8-11e9-a2fc-000d3a38a36f
11616,77c6f548-2743-11ea-aaaa-000d3a38a36f
11627,0d5973ba-d702-11ea-82f4-000d3a38a36f
11628,18265ec8-c67e-11ea-9bc9-000d3a38a36f
11629,ea0c0394-bbbf-11ea-9a91-000d3a38a36f
11658,d80b26e2-87ea-11ea-ace9-000d3a38a36f
11665,43978078-d191-11ea-b0fc-000d3a38a36f
11683,8065d526-7fa8-11ea-80af-000d3a38a36f
11705,111db0b6-afc0-11e9-9757-000d3a38a36f
11723,63cb6d58-ad4a-11e9-a2fc-000d3a38a36f
11734,a3d12a60-319b-11eb-adfe-000d3a38a36f
11765,9afdb674-2bdd-11eb-b280-000d3a38a36f
11773,9e5076c8-a794-11e9-a2fc-000d3a38a36f
11794,b704ec8a-45cc-11eb-806e-000d3a38a36f
11813,c887d78c-614e-11ea-8dd8-000d3a38a36f
11854,d3db8f04-1358-11eb-8ffc-000d3a38a36f
11856,00266a76-312c-11ea-b884-000d3a38a36f
11876,4de64de4-c9ca-11ea-a31e-000d3a38a36f
11880,3aa52386-afb8-11e9-9757-000d3a38a36f
11897,c922f71c-ad53-11e9-a2fc-000d3a38a36f
11922,964d8944-ab3a-11e9-a2fc-000d3a38a36f
11926,292258be-ae61-11eb-bbf8-000d3a38a36f
11939,03e4bb38-ad54-11e9-a2fc-000d3a38a36f
11944,3c3381d6-f80d-11ea-a533-000d3a38a36f
11953,506069d8-9f50-11e9-9897-000d3a38a36f
11958,2f07b836-cc18-11ea-b305-000d3a38a36f
11994,60c478f4-186e-11ea-9213-000d3a38a36f
12000,a09b42b6-d86b-11e9-93bc-000d3a38a36f
12006,1a26bbcc-adb2-11e9-a2fc-000d3a38a36f
12023,38ca1544-a8b5-11e9-a2fc-000d3a38a36f
12027,43271496-a2b7-11e9-a2fc-000d3a38a36f
12042,1edd1a8a-1a09-11ea-941b-000d3a38a36f
12046,12a2852e-9daa-11e9-9897-000d3a38a36f
12088,f796e0e8-aadf-11e9-a2fc-000d3a38a36f
12093,5ae04a6c-5bb7-11ea-9dc3-000d3a38a36f
12124,8f775632-b05b-11ea-b736-000d3a38a36f
12159,d3a5ebf4-f4dd-11ea-b013-000d3a38a36f
12165,51546b1c-a79a-11e9-a2fc-000d3a38a36f
12181,099ba066-5e6d-11eb-8dbd-000d3a38a36f
12205,8459be4a-1d29-11ea-a490-000d3a38a36f
12242,ec486230-9db4-11e9-9897-000d3a38a36f
12245,5d771322-b032-11e9-9757-000d3a38a36f
12253,71ddcd34-a3cf-11e9-a2fc-000d3a38a36f
12289,435cf73e-a7ba-11e9-a2fc-000d3a38a36f
12337,75aa27e4-aff7-11e9-9757-000d3a38a36f
12352,82722ed2-be3c-11ea-aa61-000d3a38a36f
12357,5e8c37be-1ef6-11ea-81ff-000d3a38a36f
12378,665a8bf4-abfa-11e9-a2fc-000d3a38a36f
12387,4f4973f4-a4f6-11e9-a2fc-000d3a38a36f
12393,e9fea42a-8eeb-11ea-8f41-000d3a38a36f
12435,2f9e0d58-a438-11e9-a2fc-000d3a38a36f
12450,96b4aed0-2b5a-11ea-9d27-000d3a38a36f
12477,ce872152-cd86-11ea-b1a6-000d3a38a36f
12483,28a4e4ac-9e54-11e9-9897-000d3a38a36f
12494,7aaf3da2-a53d-11e9-a2fc-000d3a38a36f
12512,04901038-a411-11e9-a2fc-000d3a38a36f
12529,d7c04822-9fa4-11e9-a2fc-000d3a38a36f
12534,481a841e-b003-11eb-bbf8-000d3a38a36f
12621,5249b58c-2bfb-11ea-91ab-000d3a38a36f
12630,27544188-ae85-11e9-a2fc-000d3a38a36f
12637,b4b9fa3e-a427-11ea-bd63-000d3a38a36f
12640,a183c3ac-afdd-11ea-b736-000d3a38a36f
12643,c618e68e-ae3f-11e9-a2fc-000d3a38a36f
12660,3fda4522-b178-11e9-89fa-000d3a38a36f
12739,f986deba-4433-11ea-8b43-000d3a38a36f
12824,595a4efe-a910-11e9-a2fc-000d3a38a36f
12828,0c24fc44-2ac8-11ea-9d27-000d3a38a36f
12839,de55c558-f117-11e9-9346-000d3a38a36f
12840,bcbf81ae-e15e-11e9-957d-000d3a38a36f
12858,991dda02-5bed-11ea-a815-000d3a38a36f
12862,8ed1e16e-a50a-11e9-a2fc-000d3a38a36f
12931,656a7eea-adf6-11e9-a2fc-000d3a38a36f
12934,6d293626-9edd-11e9-9897-000d3a38a36f
12952,6e74c236-670d-11ea-9d38-000d3a38a36f
12969,bc0d2e9a-769b-11eb-bf95-000d3a38a36f
12994,7090dfdc-600a-11ea-8dd8-000d3a38a36f
13016,5c399384-c5c8-11ea-8698-000d3a38a36f
13027,178a35cc-b160-11e9-89fa-000d3a38a36f
13037,c2ea2b78-b135-11e9-9757-000d3a38a36f
13039,5312c8be-b03b-11e9-9757-000d3a38a36f
13047,ae1e6b8a-bbb8-11ea-a0c9-000d3a38a36f
13059,bdd91a66-3cb4-11eb-a48e-000d3a38a36f
13063,f88cf3ea-47f4-11ea-b6c0-000d3a38a36f
13099,56d3a540-d60b-11e9-93bc-000d3a38a36f
13102,e9976946-9e7c-11e9-9897-000d3a38a36f
13111,6c4e8178-4f50-11eb-806e-000d3a38a36f
13120,80772ae8-adce-11ea-b736-000d3a38a36f
13121,cf939032-adaf-11e9-a2fc-000d3a38a36f
13153,10f7164e-a8c3-11e9-a2fc-000d3a38a36f
13167,8ee5ed26-194f-11ea-b6a2-000d3a38a36f
13183,16ef5a7e-b120-11e9-9757-000d3a38a36f
13184,0d12eec2-ab0c-11e9-a2fc-000d3a38a36f
13198,51fb994e-d6fe-11e9-93bc-000d3a38a36f
13217,1ef9af74-2594-11ea-b1c8-000d3a38a36f
13226,cd139e88-a567-11e9-a2fc-000d3a38a36f
13227,4fe90518-b220-11e9-b5cf-000d3a38a36f
13228,0812181a-a77b-11e9-a2fc-000d3a38a36f
13277,8470294c-752a-11ea-b23f-000d3a38a36f
13278,8ef66144-a585-11e9-a2fc-000d3a38a36f
13295,9b8e3d42-187e-11eb-8d74-000d3a38a36f
13296,263a185e-b010-11e9-9757-000d3a38a36f
13305,eda2d52c-1b93-11ea-ac4f-000d3a38a36f
13334,b5d168bc-d67d-11e9-93bc-000d3a38a36f
13353,485c5012-ddda-11e9-a848-000d3a38a36f
13360,cf352dae-aa20-11e9-a2fc-000d3a38a36f
13363,eebfae64-2834-11ea-a043-000d3a38a36f
13383,4b34ca7a-483e-11ea-b6c0-000d3a38a36f
13395,40ce17b6-d6de-11e9-93bc-000d3a38a36f
13407,45ae5698-5684-11eb-9e65-000d3a38a36f
13425,b4613952-a24e-11e9-a2fc-000d3a38a36f
13431,b938fd34-5e9b-11ea-be5b-000d3a38a36f
13436,14028456-ad1c-11e9-a2fc-000d3a38a36f
13464,23fea878-ab80-11e9-a2fc-000d3a38a36f
13484,99a4e8c8-aac5-11e9-a2fc-000d3a38a36f
13504,df266286-b039-11e9-9757-000d3a38a36f
13515,b796de3c-a808-11e9-a2fc-000d3a38a36f
13525,e6b182b8-b144-11e9-9757-000d3a38a36f
13535,55747b2c-9ef0-11e9-9897-000d3a38a36f
13617,e626cea6-a7ae-11e9-a2fc-000d3a38a36f
13656,0dd9110c-298c-11ea-b87a-000d3a38a36f
13664,16ddc40a-b14a-11ea-b736-000d3a38a36f
13676,44c9d4d6-974f-11ea-a9c8-000d3a38a36f
13680,da422576-a6e2-11e9-a2fc-000d3a38a36f
13705,fcb5f320-5336-11ea-acd3-000d3a38a36f
13710,2926e518-df0f-11ea-9c1f-000d3a38a36f
13742,d763ec38-1337-11ea-a001-000d3a38a36f
13762,c91a4cbe-3bca-11eb-a48e-000d3a38a36f
13773,330a2286-31f6-11eb-860c-000d3a38a36f
13776,2278a084-ca48-11ea-a31e-000d3a38a36f
13785,318e6c94-bc5a-11ea-aa61-000d3a38a36f
13794,0ae6328c-fff1-11e9-a5e8-000d3a38a36f
13800,47b14ce6-9755-11ea-a9c8-000d3a38a36f
13823,2e6c4bda-b152-11e9-9757-000d3a38a36f
13824,3c0d1ac4-8d4f-11ea-8f41-000d3a38a36f
13833,1ccc974e-b130-11e9-9757-000d3a38a36f
13871,f9ae23b8-2bff-11ea-91ab-000d3a38a36f
13881,4c2b94ac-5411-11ea-b1db-000d3a38a36f
13883,ba725440-af8f-11e9-a2fc-000d3a38a36f
13893,805d1364-ee08-11e9-9346-000d3a38a36f
13933,43f81f40-a5dd-11e9-a2fc-000d3a38a36f
13939,a754da40-a83c-11e9-a2fc-000d3a38a36f
13941,e7fcac9c-aab4-11e9-a2fc-000d3a38a36f
13944,6bf3c54c-5b9c-11ea-a21d-000d3a38a36f
13962,d76c217e-a9eb-11e9-a2fc-000d3a38a36f
13977,3ff9a700-a24b-11e9-a2fc-000d3a38a36f
14008,cbd8b8cc-29a2-11ea-b87a-000d3a38a36f
14031,fb86e5d8-ab9b-11e9-a2fc-000d3a38a36f
14058,95cc7530-5bc4-11ea-81ca-000d3a38a36f
14076,70b54f90-44e2-11ea-acaf-000d3a38a36f
14083,d8a53926-22a9-11eb-99f8-000d3a38a36f
14141,845aea48-8be9-11ea-8ec0-000d3a38a36f
14143,9a0e8088-21b4-11ea-9618-000d3a38a36f
14153,70145200-a87c-11e9-a2fc-000d3a38a36f
14193,01b4d5e8-9e89-11e9-9897-000d3a38a36f
14202,3782c7be-9ed6-11e9-9897-000d3a38a36f
14219,6b272a80-dbe6-11ea-a0af-000d3a38a36f
14233,60b6f656-9f52-11e9-9897-000d3a38a36f
14274,e567539c-9dcb-11e9-9897-000d3a38a36f
14276,0f925bfc-9e0e-11e9-9897-000d3a38a36f
14301,8d53eac4-fefd-11e9-a5e8-000d3a38a36f
14305,59213844-d7aa-11e9-93bc-000d3a38a36f
14317,e135eef4-5bd6-11ea-96be-000d3a38a36f
14318,2e3166b0-61eb-11ea-8dd8-000d3a38a36f
14327,80cae25e-48e8-11eb-806e-000d3a38a36f
14336,15ad2b5a-49ae-11eb-806e-000d3a38a36f
14355,ef99db68-5b90-11ea-b0e4-000d3a38a36f
14385,56478b08-9e63-11e9-9897-000d3a38a36f
14395,2e9ebbce-5bcf-11ea-8866-000d3a38a36f
14422,29ea8c4e-da37-11e9-93bc-000d3a38a36f
14434,ea1a55a6-ae5b-11e9-a2fc-000d3a38a36f
14436,6a090a8e-ab71-11e9-a2fc-000d3a38a36f
14438,e6ae1d38-a854-11e9-a2fc-000d3a38a36f
14487,92e8ebc6-f30c-11e9-9346-000d3a38a36f
14488,744cd50e-c621-11ea-9bc9-000d3a38a36f
14492,e813a244-5e9b-11ea-be5b-000d3a38a36f
14527,fc407928-af95-11e9-a2fc-000d3a38a36f
14531,2d4a5520-ae9c-11e9-a2fc-000d3a38a36f
14538,a618bae6-9f51-11e9-9897-000d3a38a36f
14552,8b5ca244-7ef8-11ea-80af-000d3a38a36f
14575,c09dddd4-58d6-11eb-9e65-000d3a38a36f
14595,3c1db156-994b-11ea-b97a-000d3a38a36f
14629,80f61796-a92d-11e9-a2fc-000d3a38a36f
14630,3b048dea-116e-11ea-9f3a-000d3a38a36f
14632,b8b1b874-b220-11e9-b5cf-000d3a38a36f
14643,eb59e2b4-abe5-11ea-b736-000d3a38a36f
14647,0e5836c2-d69d-11e9-93bc-000d3a38a36f
14651,1c8f71e0-56a1-11ea-b9b9-000d3a38a36f
14668,b1590256-9d19-11e9-9897-000d3a38a36f
14674,f004a8c2-abb8-11e9-a2fc-000d3a38a36f
14682,310e0d02-9f68-11e9-a2fc-000d3a38a36f
14683,51f5abfe-b0a4-11e9-9757-000d3a38a36f
14687,26308442-bfa5-11ea-9c44-000d3a38a36f
14691,05396bb6-a456-11e9-a2fc-000d3a38a36f
14697,9cb6ab7c-5b3d-11ea-b93c-000d3a38a36f
14698,214bb132-f12d-11e9-9346-000d3a38a36f
14703,154461ac-5bab-11ea-84be-000d3a38a36f
14708,118de2aa-a0bb-11e9-a2fc-000d3a38a36f
14734,de03e994-a938-11e9-a2fc-000d3a38a36f
14736,fb086190-533e-11ea-acd3-000d3a38a36f
14754,978bfbe4-d667-11e9-93bc-000d3a38a36f
14764,8f466e4a-a739-11e9-a2fc-000d3a38a36f
14769,fb11f742-afb4-11e9-9757-000d3a38a36f
14774,a8ebbad4-594a-11eb-9e65-000d3a38a36f
14777,c3648134-a99c-11e9-a2fc-000d3a38a36f
14842,35c6f618-af9b-11e9-a2fc-000d3a38a36f
14892,00f6c98e-abb5-11e9-a2fc-000d3a38a36f
14906,fc353520-320e-11eb-860c-000d3a38a36f
14917,6364b270-ab1f-11e9-a2fc-000d3a38a36f
14923,bfe4decc-6392-11ea-a6dc-000d3a38a36f
14948,2decba1c-b131-11e9-9757-000d3a38a36f
14962,4c270cc4-9dab-11e9-9897-000d3a38a36f
14972,6201cf2a-a968-11e9-a2fc-000d3a38a36f
14986,03ba116e-5bc6-11ea-899b-000d3a38a36f
14994,1900d782-5bef-11ea-99d6-000d3a38a36f
15025,89cc504e-9cf0-11ea-a27a-000d3a38a36f
15031,93fa6ecc-11ed-11ea-916f-000d3a38a36f
15034,8c3cec06-a6f8-11e9-a2fc-000d3a38a36f
15085,efe09a8e-9f35-11e9-9897-000d3a38a36f
15091,49bd7b14-b06e-11e9-9757-000d3a38a36f
15110,3cd89598-1e8e-11eb-9dc3-000d3a38a36f
15142,147f9228-9e19-11e9-9897-000d3a38a36f
15189,bd81d9b4-ac63-11e9-a2fc-000d3a38a36f
15200,d97069ac-1ee5-11ea-81ff-000d3a38a36f
15214,ce426d60-a987-11e9-a2fc-000d3a38a36f
15215,42a6c718-5bf4-11ea-8384-000d3a38a36f
15255,a9eed2ca-3030-11ea-bb28-000d3a38a36f
15259,cfdf4856-9f95-11e9-a2fc-000d3a38a36f
15263,848ec38c-98ae-11ea-b97a-000d3a38a36f
15313,d582c4f6-a7db-11e9-a2fc-000d3a38a36f
15347,f03b1df6-aab6-11e9-a2fc-000d3a38a36f
15354,7aef2318-253f-11ea-bf27-000d3a38a36f
15356,2e14b63a-a889-11e9-a2fc-000d3a38a36f
15360,c55d5d18-a851-11e9-a2fc-000d3a38a36f
15381,683e7d4e-1212-11ea-a001-000d3a38a36f
15392,cea000ca-29ce-11ea-87cc-000d3a38a36f
15431,6f880804-9ee5-11e9-9897-000d3a38a36f
15450,844c2612-193d-11ea-b6a2-000d3a38a36f
15564,6481e932-a9a5-11e9-a2fc-000d3a38a36f
15573,cfb46f44-94c4-11ea-85df-000d3a38a36f
15583,e7dae6ec-9f47-11ea-80cd-000d3a38a36f
15596,230d54bc-49ac-11ea-8a4f-000d3a38a36f
15606,f611aeea-9f06-11e9-9897-000d3a38a36f
15612,e7c20934-acbc-11e9-a2fc-000d3a38a36f
15665,146b62d8-a5a5-11e9-a2fc-000d3a38a36f
15675,8eac2fda-a8e0-11e9-a2fc-000d3a38a36f
15715,5ca640a6-abd9-11e9-a2fc-000d3a38a36f
15726,9a0fe294-63b2-11ea-a6dc-000d3a38a36f
15769,95b66ac2-b016-11eb-bbf8-000d3a38a36f
15782,cbdea26a-57f9-11eb-9e65-000d3a38a36f
15818,ca4338c8-a939-11e9-a2fc-000d3a38a36f
15827,cda759f8-246e-11ea-a30f-000d3a38a36f
15828,607f3e8e-4a9e-11eb-806e-000d3a38a36f
15842,e33ecf00-557b-11eb-9e65-000d3a38a36f
15932,28536fc2-ff21-11e9-a5e8-000d3a38a36f
15962,c81283e2-9f7a-11e9-a2fc-000d3a38a36f
15972,4865bbe6-63c3-11eb-add3-000d3a38a36f
15986,3d307a80-ab0b-11e9-a2fc-000d3a38a36f
16010,d99a3bbe-a9d9-11e9-a2fc-000d3a38a36f
16012,a345686a-e45b-11e9-ad00-000d3a38a36f
16022,18758640-d612-11e9-93bc-000d3a38a36f
16050,752392b4-d7bc-11e9-93bc-000d3a38a36f
16060,546cdcd8-8bee-11ea-8ec0-000d3a38a36f
16099,22e75f5e-ab92-11e9-a2fc-000d3a38a36f
16102,196edf12-ac71-11e9-a2fc-000d3a38a36f
16143,81403348-a406-11e9-a2fc-000d3a38a36f
16150,720625b6-2018-11ea-87bf-000d3a38a36f
16193,8196d5a4-7854-11ea-a036-000d3a38a36f
16198,7b920376-a7a9-11e9-a2fc-000d3a38a36f
16202,7f9f4caa-a176-11e9-a2fc-000d3a38a36f
16248,961295e2-aad0-11e9-a2fc-000d3a38a36f
16303,786ffbf6-beac-11ea-958c-000d3a38a36f
16308,aa7884de-a32c-11e9-a2fc-000d3a38a36f
16335,f24f6988-acd9-11e9-a2fc-000d3a38a36f
16366,f5b61994-9dd6-11e9-9897-000d3a38a36f
16369,d79253d6-a7f6-11e9-a2fc-000d3a38a36f
16371,753a3452-a73c-11e9-a2fc-000d3a38a36f
16407,caa72732-ad4b-11e9-a2fc-000d3a38a36f
16409,ed0c26c6-af79-11e9-a2fc-000d3a38a36f
16441,105c5046-61d2-11ea-8dd8-000d3a38a36f
16444,6ad5e73e-a6ab-11eb-a6d3-000d3a299ebf
16455,94043018-b06a-11e9-9757-000d3a38a36f
16475,5ca4920e-5bd0-11ea-9ae2-000d3a38a36f
16487,6d8f68cc-2c06-11ea-91ab-000d3a38a36f
16522,4ccb9578-a5a8-11e9-a2fc-000d3a38a36f
16554,ec5e0cb2-6099-11eb-9b71-000d3a38a36f
16565,c6648830-a301-11e9-a2fc-000d3a38a36f
16571,28f00236-7a7f-11ea-8f20-000d3a38a36f
16606,2f7e8932-bd38-11ea-aa61-000d3a38a36f
16647,59566560-6579-11eb-add3-000d3a38a36f
16652,a6a0638e-9ec9-11e9-9897-000d3a38a36f
16696,b1df58f4-f8d7-11ea-9564-000d3a38a36f
16720,1c7c6a1e-ddc5-11e9-a848-000d3a38a36f
16724,c5a45aaa-a7da-11e9-a2fc-000d3a38a36f
16860,4b70e2ea-3dac-11ea-9e19-000d3a38a36f
16880,cb6e3138-60c9-11ea-8dd8-000d3a38a36f
16914,b14a0a24-28e4-11ea-b87a-000d3a38a36f
16929,81714de0-122c-11ea-a001-000d3a38a36f
16938,2651e54a-b20b-11e9-89fa-000d3a38a36f
16941,5c755ab8-2b9f-11ea-853d-000d3a38a36f
16982,49877a0a-af2e-11e9-a2fc-000d3a38a36f
17003,7393d678-a6e0-11e9-a2fc-000d3a38a36f
17006,424df598-1b58-11ea-9812-000d3a38a36f
17034,acf0e61e-a3fb-11e9-a2fc-000d3a38a36f
17036,c7d89292-d6be-11e9-93bc-000d3a38a36f
17064,74f4477c-974f-11ea-a9c8-000d3a38a36f
17080,c781115e-d6da-11e9-93bc-000d3a38a36f
17101,764fd4c4-fe84-11e9-a5e8-000d3a38a36f
17106,b8243802-575e-11eb-9e65-000d3a38a36f
17124,1b234d48-ab13-11e9-a2fc-000d3a38a36f
17141,7ce4ab44-9893-11ea-b97a-000d3a38a36f
17173,164d388e-a720-11e9-a2fc-000d3a38a36f
17262,17261cc6-ac66-11e9-a2fc-000d3a38a36f
17312,93d075da-ae16-11e9-a2fc-000d3a38a36f
17323,f59053e2-a503-11e9-a2fc-000d3a38a36f
17337,366eee14-a59f-11e9-a2fc-000d3a38a36f
17357,f8b04ba4-5bce-11ea-ba31-000d3a38a36f
17371,9add590a-a7f0-11e9-a2fc-000d3a38a36f
17379,ef0f7e64-a54c-11e9-a2fc-000d3a38a36f
17396,caeec21a-a9bb-11e9-a2fc-000d3a38a36f
17407,bc5f330e-d60e-11e9-93bc-000d3a38a36f
17452,70c2b010-d6f9-11e9-93bc-000d3a38a36f
17456,aaf99dbe-2a70-11ea-b3a7-000d3a38a36f
17465,6a7a627a-af03-11e9-a2fc-000d3a38a36f
17491,6140b668-abdf-11e9-a2fc-000d3a38a36f
17500,949e6442-62f5-11ea-a6dc-000d3a38a36f
17508,8ee32436-5bdc-11ea-8dde-000d3a38a36f
17520,23be3c34-d60a-11e9-93bc-000d3a38a36f
17562,6907e53c-316d-11eb-9dc6-000d3a38a36f
17644,729eca82-ad31-11e9-a2fc-000d3a38a36f
17687,db16f9ae-a881-11e9-a2fc-000d3a38a36f
17694,7ed9f46c-5b0e-11ea-b41b-000d3a38a36f
17695,53b0691e-e431-11e9-ad00-000d3a38a36f
17703,e33311e4-5bf1-11ea-a64e-000d3a38a36f
17730,1fc6399c-faef-11e9-b138-000d3a38a36f
17735,92eda450-f973-11e9-b138-000d3a38a36f
17786,327724f4-ae21-11e9-a2fc-000d3a38a36f
17796,df0a5daa-bbb1-11ea-a0c9-000d3a38a36f
17818,979105c8-ae88-11e9-a2fc-000d3a38a36f
17867,464c257e-13b6-11ea-a001-000d3a38a36f
17886,20b0ed36-a223-11e9-a2fc-000d3a38a36f
17925,ec6adcb0-d6ae-11e9-93bc-000d3a38a36f
17958,007cdfe4-1f54-11ea-87bf-000d3a38a36f
17995,7d64e640-aec1-11e9-a2fc-000d3a38a36f
18013,b671f0fe-accd-11e9-a2fc-000d3a38a36f
18049,80a5c33e-a92f-11e9-a2fc-000d3a38a36f
18064,8853a1c4-9fa1-11e9-a2fc-000d3a38a36f
18075,eab3b29e-fa6b-11e9-b138-000d3a38a36f
18123,cfe62e26-af73-11e9-a2fc-000d3a38a36f
18147,b9630274-2506-11ea-bf27-000d3a38a36f
18148,266d0dc2-9fad-11e9-a2fc-000d3a38a36f
18151,6b743e52-3da2-11ea-9e19-000d3a38a36f
18216,25539dbe-2c04-11ea-91ab-000d3a38a36f
18217,3b1270f4-aa5d-11e9-a2fc-000d3a38a36f
18274,c3ef0a92-b113-11e9-9757-000d3a38a36f
18279,dcb61df0-a9ec-11e9-a2fc-000d3a38a36f
18318,06671b06-ac34-11e9-a2fc-000d3a38a36f
18334,3736025c-171d-11ea-b4ec-000d3a38a36f
18365,d4336f1a-a993-11e9-a2fc-000d3a38a36f
18441,e121962c-e482-11ea-b769-000d3a38a36f
18461,c36e6408-a1d8-11ea-9c18-000d3a38a36f
18464,67756d10-b14a-11e9-9757-000d3a38a36f
18523,e0e4ee04-12a3-11ea-a001-000d3a38a36f
18540,bb279474-160d-11ea-aa74-000d3a38a36f
18600,7f2a215a-ac1b-11e9-a2fc-000d3a38a36f
18632,b8d62f64-2778-11eb-8a9b-000d3a38a36f
18652,9335e6e2-7281-11eb-aa44-000d3a38a36f
18699,743ec16e-ede9-11e9-88c1-000d3a38a36f
18712,a5317354-306d-11ea-bb28-000d3a38a36f
18727,781e9584-9e2f-11e9-9897-000d3a38a36f
18761,4b7eaf2a-b0e3-11e9-9757-000d3a38a36f
18767,fc0ce7a4-9d87-11e9-9897-000d3a38a36f
18772,06cd8bae-9ebd-11e9-9897-000d3a38a36f
18778,847bbbc2-2ba1-11ea-853d-000d3a38a36f
18789,1a5c8f40-cd82-11ea-b1a6-000d3a38a36f
18796,fae66580-8855-11ea-9c02-000d3a38a36f
18818,fea8e3dc-af6b-11e9-a2fc-000d3a38a36f
18832,ba4851c6-def7-11e9-957d-000d3a38a36f
18856,d4aeb6b8-b0f3-11e9-9757-000d3a38a36f
18877,1afc16ea-aac0-11e9-a2fc-000d3a38a36f
18880,5d58c27a-1ad9-11ea-98d5-000d3a38a36f
18905,b4c82d94-50f1-11eb-806e-000d3a38a36f
18931,acd71594-b207-11e9-89fa-000d3a38a36f
18936,f82ff5de-ad1f-11e9-a2fc-000d3a38a36f
18961,dfc96774-9d8c-11ea-9bf4-000d3a38a36f
19021,98928afc-2465-11ea-a30f-000d3a38a36f
19031,0f0961e6-abdb-11e9-a2fc-000d3a38a36f
19047,aee373c0-ab70-11e9-a2fc-000d3a38a36f
19071,5b010dc6-9de7-11e9-9897-000d3a38a36f
19085,fd37faf6-1d7f-11ea-a490-000d3a38a36f
19093,1ac46a6c-a5be-11e9-a2fc-000d3a38a36f
19097,91eaf398-a5c0-11e9-a2fc-000d3a38a36f
19103,db5a72a0-aaad-11e9-a2fc-000d3a38a36f
19126,8c3546be-aa4e-11e9-a2fc-000d3a38a36f
19172,a5af4868-a929-11e9-a2fc-000d3a38a36f
19195,eec643c8-f143-11e9-9346-000d3a38a36f
19253,9bfd94f8-a728-11e9-a2fc-000d3a38a36f
19271,1eebd1c4-abc8-11e9-a2fc-000d3a38a36f
19274,d86bf280-ac2e-11e9-a2fc-000d3a38a36f
19281,c488845a-a12e-11e9-a2fc-000d3a38a36f
19302,27ef5824-66e1-11eb-975c-000d3a38a36f
19304,44ffd5ac-ee05-11e9-9346-000d3a38a36f
19385,9400176c-b01a-11e9-9757-000d3a38a36f
19408,c4d94a92-ab9d-11e9-a2fc-000d3a38a36f
19416,d1c0ba24-1ec0-11ea-aa32-000d3a38a36f
19439,7fdcb748-61d8-11ea-8dd8-000d3a38a36f
19448,71d935ba-2c07-11ea-91ab-000d3a38a36f
19515,c0218a44-b0d6-11e9-9757-000d3a38a36f
19532,dd17f722-b109-11e9-9757-000d3a38a36f
19534,39edf3ac-b10a-11e9-9757-000d3a38a36f
19546,58dc6422-6156-11ea-8dd8-000d3a38a36f
19614,e07956f0-5bf3-11ea-be6b-000d3a38a36f
19635,d3b8585e-acfc-11e9-a2fc-000d3a38a36f
19681,e1c871d6-609d-11ea-8dd8-000d3a38a36f
19700,296ac2c4-d64b-11e9-93bc-000d3a38a36f
19727,3c2bf5b0-5bb4-11ea-81c0-000d3a38a36f
19748,66628af8-ad1b-11e9-a2fc-000d3a38a36f
19760,ec238d4a-242b-11ea-a30f-000d3a38a36f
19769,561e3f5e-abb6-11e9-a2fc-000d3a38a36f
19776,e2b71cc4-b039-11e9-9757-000d3a38a36f
19823,4eb38320-a691-11e9-a2fc-000d3a38a36f
19832,c4b363d4-c6c4-11ea-9d14-000d3a38a36f
19863,89e169ba-a4f9-11e9-a2fc-000d3a38a36f
19932,13a5e98c-a824-11e9-a2fc-000d3a38a36f
19933,6d285c64-5e73-11ea-be5b-000d3a38a36f
19935,b514d468-5b52-11ea-85ca-000d3a38a36f
